0,1
//as.meituan.com,��ɽ
//anqing.meituan.com,����
//ay.meituan.com,����
//aq.meituan.com,����
//anshun.meituan.com,��˳
//ankang.meituan.com,����
//anzhouqu.meituan.com,������
//arongqi.meituan.com,������
//aks.meituan.com,������
//atushishi.meituan.com,��ͼʲ��
//aletaishi.meituan.com,����̩��
//aj.meituan.com,����
//als.meituan.com,��������
//anyue.meituan.com,����
//anping.meituan.com,��ƽ
//anxi.meituan.com,��Ϫ
//anning.meituan.com,����
//anhua.meituan.com,����
//alaer.meituan.com,������
//anfu.meituan.com,����
//anlushi.meituan.com,��½��
//am.meituan.com,����
//alt.meituan.com,����̩
//al.meituan.com,����
//ab.meituan.com,����
//bj.meituan.com,����
//bt.meituan.com,��ͷ
//bd.meituan.com,����
//bozhou.meituan.com,����
//bz.meituan.com,����
//bengbu.meituan.com,����
//baoji.meituan.com,����
//hbbazhou.meituan.com,����
//byne.meituan.com,�����׶�
//benxi.meituan.com,��Ϫ
//baise.meituan.com,��ɫ
//bazhong.meituan.com,����
//bijie.meituan.com,�Ͻ�
//bs.meituan.com,��ɽ
//baishan.meituan.com,��ɽ
//by.meituan.com,����
//bc.meituan.com,�׳�
//bh.meituan.com,����
//beianshi.meituan.com,������
//bachuxian.meituan.com,�ͳ���
//bayanxian.meituan.com,������
//baoying.meituan.com,��Ӧ
//beiliu.meituan.com,����
//boai.meituan.com,����
//beizhenshi.meituan.com,������
//baofeng.meituan.com,����
//boxing.meituan.com,����
//biyang.meituan.com,����
//binxian.meituan.com,����
//bishan.meituan.com,�ɽ
//boshan.meituan.com,��ɽ
//binyang.meituan.com,����
//botou.meituan.com,��ͷ��
//boluoxian.meituan.com,������
//bobaixian.meituan.com,������
//beipei.meituan.com,����
//baz.meituan.com,����
//betl.meituan.com,��������
//binhai.meituan.com,����
//cq.meituan.com,����
//cd.meituan.com,�ɶ�
//cz.meituan.com,����
//chs.meituan.com,��ɳ
//cc.meituan.com,����
//cangzhou.meituan.com,����
//changzhi.meituan.com,����
//chifeng.meituan.com,���
//cixi.meituan.com,��Ϫ
//chuzhou.meituan.com,����
//changshu.meituan.com,����
//changde.meituan.com,����
//chengde.meituan.com,�е�
//chenzhou.meituan.com,����
//chaozhou.meituan.com,����
//conghua.meituan.com,�ӻ�
//ch.meituan.com,����
//cy.meituan.com,����
//chx.meituan.com,����
//changyi.meituan.com,����
//cangnan.meituan.com,����
//cg.meituan.com,����
//chizhou.meituan.com,����
//chengwuxian.meituan.com,������
//changle.meituan.com,����
//changji.meituan.com,����
//chengjiangxian.meituan.com,�ν���
//chongzuo.meituan.com,����
//cx.meituan.com,����
//cb.meituan.com,���
//ca.meituan.com,����
//chengdexian.meituan.com,�е���
//changlecl.meituan.com,����
//caofeidian.meituan.com,������
//cixian.meituan.com,����
//changyuan.meituan.com,��ԫ
//chengan.meituan.com,�ɰ�
//changli.meituan.com,����
//cenxi.meituan.com,�Ϫ
//chiping.meituan.com,��ƽ
//caoxian.meituan.com,����
//chenggu.meituan.com,�ǹ�
//changting.meituan.com,��͡
//chaoan.meituan.com,����
//changshou.meituan.com,����
//changshan.meituan.com,��ɽ
//chishui.meituan.com,��ˮ
//cili.meituan.com,����
//changningshi.meituan.com,������
//chalingxian.meituan.com,����
//changfengxian.meituan.com,������
//cangxixian.meituan.com,��Ϫ��
//changqingqu.meituan.com,������
//chongmingqu.meituan.com,������
//chongzhou.meituan.com,����
//changdu.meituan.com,����
//dl.meituan.com,����
//dg.meituan.com,��ݸ
//dt.meituan.com,��ͬ
//dq.meituan.com,����
//dandong.meituan.com,����
//dy.meituan.com,��Ӫ
//dz.meituan.com,����
//deyang.meituan.com,����
//dazhou.meituan.com,����
//dx.meituan.com,����
//dengzhou.meituan.com,����
//dongyang.meituan.com,����
//df.meituan.com,���
//dongtai.meituan.com,��̨
//dengfeng.meituan.com,�Ƿ�
//danzhou.meituan.com,����
//djy.meituan.com,������
//dsq.meituan.com,��ʯ��
//dali.meituan.com,����
//danyang.meituan.com,����
//dangyang.meituan.com,����
//donggang.meituan.com,����
//dawuxia.meituan.com,������
//dingtaoqu.meituan.com,������
//dachangzizhixian.meituan.com,�󳧻���������
//deqing.meituan.com,����
//daye.meituan.com,��ұ
//dongxing.meituan.com,����
//dingbianxian.meituan.com,������
//dengta.meituan.com,����
//dingyuanxian.meituan.com,��Զ��
//datongshi.meituan.com,��ͨ
//dongfang.meituan.com,����
//dongping.meituan.com,��ƽ
//dianbai.meituan.com,���
//donghai.meituan.com,����
//dingzhou.meituan.com,����
//dancheng.meituan.com,����
//dalixian.meituan.com,����
//dalateqi.meituan.com,��������
//dazhu.meituan.com,����
//dawa.meituan.com,����
//dayi.meituan.com,����
//dangshan.meituan.com,�ɽ
//dunhua.meituan.com,�ػ�
//dongguang.meituan.com,����
//daoxian.meituan.com,����
//daanshi.meituan.com,����
//dinganxian.meituan.com,������
//dianjiang.meituan.com,�潭
//dongmingxian.meituan.com,������
//dbs.meituan.com,����ɽ
//dunhuang.meituan.com,�ػ�
//diqing.meituan.com,����
//dh.meituan.com,�º�
//dxal.meituan.com,���˰���
//erds.meituan.com,������˹
//ez.meituan.com,����
//es.meituan.com,��ʩ
//enping.meituan.com,��ƽ
//ems.meituan.com,��üɽ
//eminxian.meituan.com,������
//eegn.meituan.com,�������
//fz.meituan.com,����
//fs.meituan.com,��ɽ
//fy.meituan.com,����
//fuz.meituan.com,����
//fushun.meituan.com,��˳
//fx.meituan.com,����
//fl.meituan.com,����
//fuqing.meituan.com,����
//fenghua.meituan.com,�
//fc.meituan.com,�ʳ�
//fuyangfy.meituan.com,����
//fn.meituan.com,����
//fcg.meituan.com,���Ǹ�
//feidongxian.meituan.com,�ʶ���
//fengcheng.meituan.com,���
//fenyang.meituan.com,����
//fukang.meituan.com,����
//fch.meituan.com,���
//fanxian.meituan.com,����
//fanchang.meituan.com,����
//feixiang.meituan.com,����
//fengqiu.meituan.com,����
//fh.meituan.com,���
//fengxian.meituan.com,����
//fusong.meituan.com,����
//fushunxian.meituan.com,��˳
//feixian.meituan.com,����
//fogang.meituan.com,���
//fengning.meituan.com,����
//fugou.meituan.com,����
//fengtai.meituan.com,��̨
//fengxin.meituan.com,����
//fangcheng.meituan.com,����
//fuyuanxian.meituan.com,��Դ��
//fenyi.meituan.com,����
//fusuixian.meituan.com,������
//feixixian.meituan.com,������
//fanzhixian.meituan.com,������
//fengxiangxian.meituan.com,������
//fuan.meituan.com,����
//fudingshi.meituan.com,������
//fuguxian.meituan.com,������
//fengjie.meituan.com,���
//fengdu.meituan.com,�ᶼ
//fufeng.meituan.com,����
//gz.meituan.com,����
//gy.meituan.com,����
//ganzhou.meituan.com,����
//gg.meituan.com,���
//gl.meituan.com,����
//guangyuan.meituan.com,��Ԫ
//ga.meituan.com,�㰲
//gaozhou.meituan.com,����
//gbd.meituan.com,�߱���
//gm.meituan.com,����
//gongyi.meituan.com,����
//gaoyou.meituan.com,����
//gr.meituan.com,����
//guangshanxian.meituan.com,��ɽ��
//gp.meituan.com,��ƽ
//gzl.meituan.com,������
//guangze.meituan.com,����
//gh.meituan.com,�㺺
//gc.meituan.com,޻��
//gaoping.meituan.com,��ƽ
//gushixian.meituan.com,��ʼ��
//gj.meituan.com,����
//gongan.meituan.com,����
//gaizhou.meituan.com,����
//gujiao.meituan.com,�Ž�
//geermu.meituan.com,���ľ
//guyuan.meituan.com,��ԭ
//guanyun.meituan.com,����
//guannan.meituan.com,����
//ganyu.meituan.com,����
//gaoan.meituan.com,�߰�
//guangde.meituan.com,���
//gongqingcheng.meituan.com,�����
//gaoyang.meituan.com,����
//gaoling.meituan.com,����
//ganzi.meituan.com,����
//gulangyu.meituan.com,������
//gn.meituan.com,����
//guoluo.meituan.com,����
//gaoxiong.meituan.com,����
//hz.meituan.com,����
//hf.meituan.com,�Ϸ�
//hrb.meituan.com,������
//hy.meituan.com,����
//hd.meituan.com,����
//huizhou.meituan.com,����
//hu.meituan.com,���ͺ���
//haikou.meituan.com,����
//huzhou.meituan.com,����
//ha.meituan.com,����
//hn.meituan.com,����
//heze.meituan.com,����
//hshi.meituan.com,��ʯ
//hg.meituan.com,�Ƹ�
//hh.meituan.com,����
//hs.meituan.com,��ˮ
//hld.meituan.com,��«��
//hc.meituan.com,�ӳ�
//huangshan.meituan.com,��ɽ
//hlbe.meituan.com,���ױ���
//heihe.meituan.com,�ں�
//hb.meituan.com,�ױ�
//heyuan.meituan.com,��Դ
//hezhou.meituan.com,����
//hegang.meituan.com,�׸�
//honghe.meituan.com,���
//hanzhong.meituan.com,����
//huadu.meituan.com,����
//haining.meituan.com,����
//huidong.meituan.com,�ݶ�
//huiyang.meituan.com,����
//haicheng.meituan.com,����
//hm.meituan.com,����
//haiyang.meituan.com,����
//huaibei.meituan.com,����
//haian.meituan.com,����
//huazhou.meituan.com,����
//hechuan.meituan.com,�ϴ�
//hengdian.meituan.com,���
//huachuanxian.meituan.com,�봨��
//heshan.meituan.com,��ɽ
//huadian.meituan.com,���
//huanglingxian.meituan.com,������
//huanxian.meituan.com,����
//huayin.meituan.com,����
//hejiangxian.meituan.com,�Ͻ���
//houma.meituan.com,����
//hami.meituan.com,����
//hailunshi.meituan.com,������
//huozhou.meituan.com,����
//huanghua.meituan.com,����
//hengshanqu.meituan.com,��ɽ��
//hl.meituan.com,����
//hannanqu.meituan.com,������
//haiyan.meituan.com,����
//huarong.meituan.com,����
//huaiyang.meituan.com,����
//hanyin.meituan.com,����
//hanshan.meituan.com,��ɽ
//hexian.meituan.com,����
//huxian.meituan.com,����
//huixian.meituan.com,����
//huairen.meituan.com,����
//huaxian.meituan.com,����
//huian.meituan.com,�ݰ�
//hancheng.meituan.com,����
//haidong.meituan.com,����
//huating.meituan.com,��ͤ
//hongtong.meituan.com,�鶴
//hekou.meituan.com,�ӿ�
//huinan.meituan.com,����
//honghu.meituan.com,���
//haicang.meituan.com,����
//huoqiu.meituan.com,����
//hunchun.meituan.com,����
//huaining.meituan.com,����
//huaiyuanxian.meituan.com,��Զ��
//huizexian.meituan.com,������
//hejianshi.meituan.com,�Ӽ���
//hepuxian.meituan.com,������
//hengyangxian.meituan.com,������
//hengshanxian.meituan.com,��ɽ��
//hengdongxian.meituan.com,�ⶫ��
//huangchuanxian.meituan.com,�괨��
//helanxian.meituan.com,������
//hj.meituan.com,�ӽ�
//hualian.meituan.com,����
//ht.meituan.com,����
//hx.meituan.com,����
//hnz.meituan.com,������
//huangnan.meituan.com,����
//haibei.meituan.com,����
//hk.meituan.com,���
//hengchun.meituan.com,�㴺
//jn.meituan.com,����
//jl.meituan.com,����
//jiangyin.meituan.com,����
//jx.meituan.com,����
//jh.meituan.com,��
//jm.meituan.com,����
//jining.meituan.com,����
//jingzhou.meituan.com,����
//jiaozuo.meituan.com,����
//jinjiang.meituan.com,����
//jy.meituan.com,����
//jingmen.meituan.com,����
//jj.meituan.com,�Ž�
//jms.meituan.com,��ľ˹
//jinzhou.meituan.com,����
//jintan.meituan.com,��̳
//jiyuan.meituan.com,��Դ
//jdz.meituan.com,������
//jq.meituan.com,��Ȫ
//jixi.meituan.com,����
//jz.meituan.com,����
//jingjiang.meituan.com,����
//ja.meituan.com,����
//js.meituan.com,����
//jr.meituan.com,����
//jiaozhou.meituan.com,����
//jincheng.meituan.com,����
//jimo.meituan.com,��ī
//jiangdu.meituan.com,����
//jiangshan.meituan.com,��ɽ
//jinchang.meituan.com,���
//jianhu.meituan.com,����
//jinzhoushi.meituan.com,����
//jyg.meituan.com,������
//jd.meituan.com,����
//jinghexian.meituan.com,������
//jiexiu.meituan.com,����
//jzqixian.meituan.com,����
//jianshi.meituan.com,����
//jiayuxian.meituan.com,������
//jingbian.meituan.com,����
//jiaohe.meituan.com,�Ժ�
//jianyangjy.meituan.com,����
//jiaxian.meituan.com,ۣ��
//jianli.meituan.com,����
//jiangjin.meituan.com,����
//juye.meituan.com,��Ұ
//jiaxiang.meituan.com,����
//jinxiang.meituan.com,����
//jinyun.meituan.com,����
//jingshan.meituan.com,��ɽ
//jiangyou.meituan.com,����
//junan.meituan.com,����
//jingxixian.meituan.com,������
//jinhu.meituan.com,���
//jimei.meituan.com,����
//jinsha.meituan.com,��ɳ
//jingxian.meituan.com,����
//jianxian.meituan.com,������
//jishuixian.meituan.com,��ˮ��
//jiangchuanxian.meituan.com,������
//jianghuayaozuziz.meituan.com,��������������
//jinningxian.meituan.com,������
//jiangyong.meituan.com,����
//jianshuixian.meituan.com,��ˮ��
//juanchengxian.meituan.com,۲����
//jianyang.meituan.com,����
//jiayi.meituan.com,������
//jilong.meituan.com,��¡
//jgs.meituan.com,����ɽ
//jzg.meituan.com,��կ��
//km.meituan.com,����
//kunshan.meituan.com,��ɽ
//kaifeng.meituan.com,����
//klmy.meituan.com,��������
//kaihua.meituan.com,����
//kp.meituan.com,��ƽ
//krl.meituan.com,�����
//kaiyang.meituan.com,����
//kangxian.meituan.com,����
//kaizhouqu.meituan.com,������
//kenli.meituan.com,����
//kuancheng.meituan.com,���
//kuche.meituan.com,�⳵
//kt.meituan.com,����
//ks.meituan.com,��ʲ����
//kz.meituan.com,����
//lyg.meituan.com,���Ƹ�
//linyi.meituan.com,����
//luoyang.meituan.com,����
//liuzhou.meituan.com,����
//lz.meituan.com,����
//lc.meituan.com,�ĳ�
//lf.meituan.com,�ȷ�
//liaoyang.meituan.com,����
//lishui.meituan.com,��ˮ
//la.meituan.com,����
//ls.meituan.com,��ɽ
//lasa.meituan.com,����
//ly.meituan.com,����
//linfen.meituan.com,�ٷ�
//linzhou.meituan.com,����
//lb.meituan.com,����
//luzhou.meituan.com,����
//liaoyuan.meituan.com,��Դ
//lvliang.meituan.com,����
//lps.meituan.com,����ˮ
//lj.meituan.com,����
//lw.meituan.com,����
//luohe.meituan.com,���
//liyang.meituan.com,����
//linhai.meituan.com,�ٺ�
//lx.meituan.com,��Ϫ
//lk.meituan.com,����
//leiyang.meituan.com,����
//laizhou.meituan.com,����
//linan.meituan.com,�ٰ�
//laiyang.meituan.com,����
//lufeng.meituan.com,½��
//liuyang.meituan.com,���
//lianjiang.meituan.com,����
//ld.meituan.com,¦��
//liangshan.meituan.com,��ɽ
//luchuanxian.meituan.com,½����
//lincang.meituan.com,�ٲ�
//luoyuanxian.meituan.com,��Դ��
//lingbao.meituan.com,�鱦
//lsj.meituan.com,��ˮ��
//ll.meituan.com,����
//linxia.meituan.com,����
//lh.meituan.com,����
//liling.meituan.com,����
//laixi.meituan.com,����
//lechang.meituan.com,�ֲ�
//lp.meituan.com,��ƽ
//langzhong.meituan.com,����
//luquan.meituan.com,¹Ȫ
//lichuan.meituan.com,����
//lhk.meituan.com,�Ϻӿ�
//linghai.meituan.com,�躣
//luannan.meituan.com,����
//lingshan.meituan.com,��ɽ
//lianzhou.meituan.com,����
//linquanxian.meituan.com,��Ȫ��
//linjiang.meituan.com,�ٽ�
//lianjiangxian.meituan.com,����
//linqu.meituan.com,����
//laoting.meituan.com,��ͤ
//luanxian.meituan.com,����
//luancheng.meituan.com,���
//lushanls.meituan.com,³ɽ
//lingshi.meituan.com,��ʯ
//linzhang.meituan.com,����
//lintong.meituan.com,����
//lantian.meituan.com,����
//lq.meituan.com,����
//longchang.meituan.com,¡��
//luyi.meituan.com,¹��
//liuhe.meituan.com,����
//linyixian.meituan.com,���
//liangshanxian.meituan.com,��ɽ
//lijin.meituan.com,����
//linyily.meituan.com,����
//longquan.meituan.com,��Ȫ
//lingchuan.meituan.com,�괨
//longyao.meituan.com,¡Ң
//leizhou.meituan.com,����
//luanchuan.meituan.com,�ﴨ
//longyou.meituan.com,����
//lanling.meituan.com,����
//linshu.meituan.com,����
//lianshui.meituan.com,��ˮ
//lixian.meituan.com,���
//liaozhong.meituan.com,����
//luopingxian.meituan.com,��ƽ��
//lianyuanshi.meituan.com,��Դ��
//lujiangxian.meituan.com,®����
//linying.meituan.com,���
//lanshan.meituan.com,��ɽ
//longhui.meituan.com,¡��
//luxi.meituan.com,«Ϫ
//lushixian.meituan.com,¬����
//longhuaxian.meituan.com,¡����
//luoningxian.meituan.com,����
//lankaoxian.meituan.com,������
//linli.meituan.com,���
//lixin.meituan.com,����
//lingqiuxian.meituan.com,������
//lufengxian.meituan.com,»����
//lishuiqu.meituan.com,��ˮ��
//luxian.meituan.com,����
//luochuanxian.meituan.com,�崨��
//luodingshi.meituan.com,�޶���
//ledong.meituan.com,�ֶ�
//liangping.meituan.com,��ƽ
//lingaoxian.meituan.com,�ٸ���
//lingshui.meituan.com,��ˮ
//ln.meituan.com,¤��
//linzhi.meituan.com,��֥
//my.meituan.com,����
//mdj.meituan.com,ĵ����
//mas.meituan.com,��ɽ
//mm.meituan.com,ï��
//mz.meituan.com,÷��
//ms.meituan.com,üɽ
//mzl.meituan.com,������
//mhk.meituan.com,÷�ӿ�
//ml.meituan.com,����
//mg.meituan.com,����
//mc.meituan.com,���
//mengzhou.meituan.com,����
//mingshuixian.meituan.com,��ˮ��
//mishan.meituan.com,��ɽ
//muping.meituan.com,Ĳƽ
//meixian.meituan.com,ü��
//minquan.meituan.com,��Ȩ
//mianchi.meituan.com,�ų�
//mianzhu.meituan.com,����
//mengyin.meituan.com,����
//mengzishi.meituan.com,������
//mengcheng.meituan.com,�ɳ�
//menglaxian.meituan.com,������
//miyixian.meituan.com,������
//minhouxian.meituan.com,������
//mengjin.meituan.com,�Ͻ�
//mh.meituan.com,Į��
//mingwangxing.meituan.com,ڤ����
//miaoli.meituan.com,����
//nj.meituan.com,�Ͼ�
//nb.meituan.com,����
//nn.meituan.com,����
//nc.meituan.com,�ϲ�
//nt.meituan.com,��ͨ
//ny.meituan.com,����
//nd.meituan.com,����
//nanchong.meituan.com,�ϳ�
//np.meituan.com,��ƽ
//scnj.meituan.com,�ڽ�
//nh.meituan.com,����
//na.meituan.com,�ϰ�
//ningyuanxian.meituan.com,��Զ��
//nx.meituan.com,����
//ns.meituan.com,��ɳ
//nenjiangxian.meituan.com,�۽���
//nehe.meituan.com,ګ��
//nanxiong.meituan.com,����
//ninglangyizuzizh.meituan.com,��������������
//nanle.meituan.com,����
//nanling.meituan.com,����
//ningyang.meituan.com,����
//ningguo.meituan.com,����
//ningjin.meituan.com,����
//ningjinnj.meituan.com,����
//neiqiu.meituan.com,����
//nangong.meituan.com,�Ϲ�
//neihuang.meituan.com,�ڻ�
//nanhe.meituan.com,�Ϻ�
//nanbuxian.meituan.com,�ϲ���
//nanpixian.meituan.com,��Ƥ��
//ninglingxian.meituan.com,����
//nanzhengxian.meituan.com,��֣��
//nq.meituan.com,����
//nujiang.meituan.com,ŭ��
//nantou.meituan.com,��Ͷ
//pt.meituan.com,����
//pj.meituan.com,�̽�
//pds.meituan.com,ƽ��ɽ
//puyang.meituan.com,���
//panzhihua.meituan.com,��֦��
//pe.meituan.com,�ն�
//pl.meituan.com,ƽ��
//pz.meituan.com,����
//px.meituan.com,Ƽ��
//pn.meituan.com,����
//pd.meituan.com,ƽ��
//pengzhou.meituan.com,����
//penglai.meituan.com,����
//pingyang.meituan.com,ƽ��
//peixian.meituan.com,����
//ph.meituan.com,ƽ��
//pingchangxian.meituan.com,ƽ����
//pujiang.meituan.com,�ֽ�
//panshi.meituan.com,��ʯ
//pengshuizizhixia.meituan.com,��ˮ����������������
//pingtan.meituan.com,ƽ̶
//poyang.meituan.com,۶��
//pucheng.meituan.com,�ѳ�
//panxian.meituan.com,����
//pingjiang.meituan.com,ƽ��
//puyangxian.meituan.com,�����
//pingshan.meituan.com,ƽɽ
//pingquan.meituan.com,ƽȪ
//pingyi.meituan.com,ƽ��
//pingyu.meituan.com,ƽ��
//pingnanxian.meituan.com,ƽ����
//pingyao.meituan.com,ƽң
//pingguo.meituan.com,ƽ��
//pingluoxian.meituan.com,ƽ����
//pingyinxian.meituan.com,ƽ����
//pingluxian.meituan.com,ƽ½��
//pingyuan.meituan.com,ƽԭ
//penghu.meituan.com,���
//pingdong.meituan.com,����
//qd.meituan.com,�ൺ
//qhd.meituan.com,�ػʵ�
//qz.meituan.com,Ȫ��
//qj.meituan.com,����
//quzhou.meituan.com,����
//qingyuan.meituan.com,��Զ
//qqhr.meituan.com,�������
//qinzhou.meituan.com,����
//qth.meituan.com,��̨��
//qingyang.meituan.com,����
//qa.meituan.com,Ǩ��
//qingzhou.meituan.com,����
//qidong.meituan.com,����
//qianjiang.meituan.com,Ǳ��
//qdn.meituan.com,ǭ����
//qxn.meituan.com,ǭ����
//qingyangxian.meituan.com,������
//qh.meituan.com,��
//qn.meituan.com,ǭ��
//ql.meituan.com,����
//qihe.meituan.com,���
//qingfeng.meituan.com,���
//qixian.meituan.com,���
//quanjiao.meituan.com,ȫ��
//qixia.meituan.com,��ϼ
//qingtian.meituan.com,����
//qinghe.meituan.com,���
//qingyun.meituan.com,����
//qianshan.meituan.com,Ǳɽ
//qingxian.meituan.com,����
//qidongxian.meituan.com,���
//qinganxian.meituan.com,�찲��
//qixiankaifeng.meituan.com,���
//qinggangxian.meituan.com,�����
//qishanxian.meituan.com,�ɽ��
//qiongzhong.meituan.com,����
//qy.meituan.com,����
//rizhao.meituan.com,����
//ruian.meituan.com,��
//rc.meituan.com,�ٳ�
//rs.meituan.com,��ɽ
//rg.meituan.com,���
//rz.meituan.com,����
//rudong.meituan.com,�綫
//rh.meituan.com,�ʻ�
//rj.meituan.com,���
//rongxian.meituan.com,����
//renshou.meituan.com,����
//renqiu.meituan.com,����
//ruyang.meituan.com,����
//rongchangqu.meituan.com,�ٲ���
//renxian.meituan.com,����
//ruchengxian.meituan.com,�����
//ruichang.meituan.com,���
//rkz.meituan.com,�տ���
//sh.meituan.com,�Ϻ�
//sz.meituan.com,����
//sjz.meituan.com,ʯ��ׯ
//su.meituan.com,����
//sy.meituan.com,����
//sanya.meituan.com,����
//st.meituan.com,��ͷ
//sx.meituan.com,����
//songyuan.meituan.com,��ԭ
//sg.meituan.com,�ع�
//shaoyang.meituan.com,����
//suqian.meituan.com,��Ǩ
//shiyan.meituan.com,ʮ��
//suzhousz.meituan.com,����
//sd.meituan.com,˳��
//sr.meituan.com,����
//sq.meituan.com,����
//shz.meituan.com,ʯ����
//smx.meituan.com,����Ͽ
//suizhou.meituan.com,����
//suihua.meituan.com,�绯
//sys.meituan.com,˫Ѽɽ
//sw.meituan.com,��β
//suining.meituan.com,����
//sl.meituan.com,����
//szs.meituan.com,ʯ��ɽ
//sp.meituan.com,��ƽ
//sm.meituan.com,����
//ss.meituan.com,ʯʨ
//shangyu.meituan.com,����
//shouguang.meituan.com,�ٹ�
//shengzhou.meituan.com,����
//shuyang.meituan.com,����
//sheyang.meituan.com,����
//sanhe.meituan.com,����
//shuozhou.meituan.com,˷��
//shucheng.meituan.com,���
//shandanxian.meituan.com,ɽ����
//santaixian.meituan.com,��̨��
//shouxian.meituan.com,����
//shaoshan.meituan.com,��ɽ
//shahe.meituan.com,ɳ��
//sihui.meituan.com,�Ļ�
//songzi.meituan.com,����
//shulan.meituan.com,����
//shaodong.meituan.com,�۶�
//suiningxiansnx.meituan.com,������
//siyang.meituan.com,����
//shawan.meituan.com,ɳ��
//shexian.meituan.com,����
//shenmu.meituan.com,��ľ
//suizhong.meituan.com,����
//shanggao.meituan.com,�ϸ�
//shiquan.meituan.com,ʯȪ
//sihong.meituan.com,����
//shanxian.meituan.com,����
//shenqiu.meituan.com,����
//sanmen.meituan.com,����
//suiningxian.meituan.com,���
//shangcai.meituan.com,�ϲ�
//suichang.meituan.com,���
//shidao.meituan.com,ʯ��
//shifang.meituan.com,ʲ��
//shanghang.meituan.com,�Ϻ�
//songxian.meituan.com,����
//shanzhouqu.meituan.com,������
//shehong.meituan.com,���
//shanghe.meituan.com,�̺�
//sishui.meituan.com,��ˮ
//sheqi.meituan.com,����
//sixian.meituan.com,����
//shenzhoushi.meituan.com,������
//shanglinxian.meituan.com,������
//shangshuixian.meituan.com,��ˮ��
//shuangfeng.meituan.com,˫��
//suichuan.meituan.com,�촨
//shangli.meituan.com,����
//shachexian.meituan.com,ɯ����
//suningxian.meituan.com,������
//shangchengxian.meituan.com,�̳���
//sangzhi.meituan.com,ɣֲ
//shimen.meituan.com,ʯ��
//shanshanxian.meituan.com,۷����
//suidexian.meituan.com,�����
//shaxian.meituan.com,ɳ��
//shenzexian.meituan.com,������
//shizhu.meituan.com,ʯ��
//shaowu.meituan.com,����
//suixian.meituan.com,���
//sqs.meituan.com,����ɽ
//snj.meituan.com,��ũ��
//sn.meituan.com,ɽ��
//sanx.meituan.com,��Ͽ
//tj.meituan.com,���
//ty.meituan.com,̫ԭ
//taizhou.meituan.com,̩��
//tz.meituan.com,̨��
//ts.meituan.com,��ɽ
//ta.meituan.com,̩��
//tx.meituan.com,ͩ��
//taicang.meituan.com,̫��
//tianshui.meituan.com,��ˮ
//tr.meituan.com,ͭ��
//th.meituan.com,ͨ��
//tl.meituan.com,����
//tongling.meituan.com,ͭ��
//tongliao.meituan.com,ͨ��
//taishan.meituan.com,̨ɽ
//taixing.meituan.com,̩��
//tengzhou.meituan.com,����
//tm.meituan.com,����
//tianchang.meituan.com,�쳤
//tc.meituan.com,ͭ��
//tachengshi.meituan.com,������
//tonghexian.meituan.com,ͨ����
//tonglu.meituan.com,ͩ®
//tongjiangxian.meituan.com,ͨ����
//tongxinxian.meituan.com,ͬ����
//tn.meituan.com,���
//tongcheng.meituan.com,ͩ��
//taiwan.meituan.com,̨��
//tanghe.meituan.com,�ƺ�
//tongyuxian.meituan.com,ͨ����
//tonghaixian.meituan.com,ͨ����
//taiqian.meituan.com,̨ǰ
//taihe.meituan.com,̫��
//tiantai.meituan.com,��̨
//taigu.meituan.com,̫��
//tengxian.meituan.com,����
//tangyin.meituan.com,����
//tmtyq.meituan.com,��Ĭ������
//tancheng.meituan.com,۰��
//tongliang.meituan.com,ͭ��
//tongan.meituan.com,ͬ��
//taoyuanxian.meituan.com,��Դ
//taihexian.meituan.com,̩����
//tonggu.meituan.com,ͭ��
//tiandongxian.meituan.com,�ﶫ��
//taikangxian.meituan.com,̫����
//tongxuxian.meituan.com,ͨ����
//taoyuan.meituan.com,��԰
//taidong.meituan.com,̨��
//tainan.meituan.com,̨��
//tengchong.meituan.com,�ڳ�
//tb.meituan.com,̨��
//tac.meituan.com,����
//tlf.meituan.com,��³��
//taizhong.meituan.com,̨��
//wh.meituan.com,�人
//wx.meituan.com,����
//wz.meituan.com,����
//wf.meituan.com,Ϋ��
//weihai.meituan.com,����
//wuhu.meituan.com,�ߺ�
//xj.meituan.com,��³ľ��
//wn.meituan.com,μ��
//wj.meituan.com,�⽭
//wenling.meituan.com,����
//wuhai.meituan.com,�ں�
//wanzhou.meituan.com,����
//wuzhou.meituan.com,����
//wuan.meituan.com,�䰲
//wlcb.meituan.com,�����첼
//wd.meituan.com,�ĵ�
//wc.meituan.com,�⴨
//wafangdian.meituan.com,�߷���
//wuwei.meituan.com,����
//wy.meituan.com,��Դ
//wangkuixian.meituan.com,������
//wuzhong.meituan.com,����
//wangcangxian.meituan.com,������
//wys.meituan.com,����ɽ
//wenchang.meituan.com,�Ĳ�
//wuxue.meituan.com,��Ѩ
//wanning.meituan.com,����
//wugangshi.meituan.com,�����
//wenxian.meituan.com,����
//wuzhi.meituan.com,����
//wusu.meituan.com,����
//wuweiww.meituan.com,��Ϊ
//wuhuxian.meituan.com,�ߺ���
//weihui.meituan.com,����
//wltqq.meituan.com,������ǰ��
//weishan.meituan.com,΢ɽ
//wenshang.meituan.com,����
//wucheng.meituan.com,���
//weichang.meituan.com,Χ��
//ws.meituan.com,��ɽ
//wuyi.meituan.com,����
//wuming.meituan.com,����
//weining.meituan.com,����
//wuyang.meituan.com,����
//wuji.meituan.com,�޼�
//wanrong.meituan.com,����
//wanzai.meituan.com,����
//weixian.meituan.com,����
//wupingxian.meituan.com,��ƽ��
//weishixian.meituan.com,ξ����
//wulongxian.meituan.com,��¡��
//wuchangshi.meituan.com,�峣��
//wg.meituan.com,���
//wuzhen.meituan.com,����
//wds.meituan.com,�䵱ɽ
//xa.meituan.com,����
//xm.meituan.com,����
//xz.meituan.com,����
//xf.meituan.com,����
//xiangtan.meituan.com,��̶
//xn.meituan.com,����
//xuancheng.meituan.com,����
//xianyang.meituan.com,����
//xc.meituan.com,���
//xy.meituan.com,����
//xt.meituan.com,��̨
//xiaogan.meituan.com,Т��
//xx.meituan.com,����
//xintai.meituan.com,��̩
//xianning.meituan.com,����
//xinyu.meituan.com,����
//xan.meituan.com,�˰���
//xiantao.meituan.com,����
//xh.meituan.com,�˻�
//bn.meituan.com,��˫����
//xinji.meituan.com,����
//xinyi.meituan.com,����
//xinzheng.meituan.com,��֣
//xinmi.meituan.com,����
//xinzhou.meituan.com,����
//xinyixy.meituan.com,����
//xixian.meituan.com,Ϣ��
//xiaochangxian.meituan.com,Т����
//xlgl.meituan.com,���ֹ���
//xiangxi.meituan.com,����
//xingyang.meituan.com,����
//xunyangxian.meituan.com,Ѯ����
//xingning.meituan.com,����
//xinmin.meituan.com,����
//xiangcheng.meituan.com,���
//xiaoyi.meituan.com,Т��
//xiangxiang.meituan.com,����
//xingcheng.meituan.com,�˳�
//xp.meituan.com,��ƽ
//xiangshan.meituan.com,��ɽ
//xw.meituan.com,����
//xinjinxian.meituan.com,�½���
//xiangyin.meituan.com,����
//xiajin.meituan.com,�Ľ�
//xiangshui.meituan.com,��ˮ
//xinhua.meituan.com,�»�
//xianju.meituan.com,�ɾ�
//xiangyuan.meituan.com,��ԫ
//xuanwei.meituan.com,����
//xiapu.meituan.com,ϼ��
//xinan.meituan.com,�°�
//xinxiangxian.meituan.com,������
//xuyi.meituan.com,����
//xuwen.meituan.com,����
//xiayi.meituan.com,����
//xunxian.meituan.com,����
//xixiang.meituan.com,����
//xiping.meituan.com,��ƽ
//xinle.meituan.com,����
//xinchang.meituan.com,�²�
//xuecheng.meituan.com,Ѧ��
//xihua.meituan.com,����
//xishui.meituan.com,�ˮ
//xianghe.meituan.com,���
//xinfeng.meituan.com,�ŷ�
//xincai.meituan.com,�²�
//xupu.meituan.com,����
//xichuan.meituan.com,����
//xingan.meituan.com,�¸�
//xingguoxian.meituan.com,�˹���
//xintian.meituan.com,����
//xunwuxian.meituan.com,Ѱ����
//xiangyunxian.meituan.com,������
//xiangchengxian.meituan.com,�����
//xinning.meituan.com,����
//xianxian.meituan.com,����
//xinzhouqu.meituan.com,������
//xiushantujiazumi.meituan.com,��ɽ����������������
//xinye.meituan.com,��Ұ
//xianyouxian.meituan.com,������
//xinbei.meituan.com,�±�
//xitang.meituan.com,����
//xgll.meituan.com,�������
//xinzhushi.meituan.com,������
//yt.meituan.com,��̨
//yz.meituan.com,����
//yinchuan.meituan.com,����
//yancheng.meituan.com,�γ�
//yy.meituan.com,����
//yc.meituan.com,�˲�
//yk.meituan.com,Ӫ��
//yichun.meituan.com,�˴�
//yj.meituan.com,����
//yuncheng.meituan.com,�˳�
//yb.meituan.com,�˱�
//yl.meituan.com,����
//yiyang.meituan.com,����
//yiwu.meituan.com,����
//yixing.meituan.com,����
//yuyao.meituan.com,��Ҧ
//yueqing.meituan.com,����
//yulin.meituan.com,����
//yongzhou.meituan.com,����
//yongchuan.meituan.com,����
//yf.meituan.com,�Ƹ�
//yanzhou.meituan.com,����
//yingtan.meituan.com,ӥ̶
//yongkang.meituan.com,����
//yanbian.meituan.com,�ӱ�
//yq.meituan.com,��Ȫ
//yd.meituan.com,Ӣ��
//yizheng.meituan.com,����
//yongcheng.meituan.com,����
//yuzhou.meituan.com,����
//yn.meituan.com,����
//yanan.meituan.com,�Ӱ�
//yx.meituan.com,��Ϫ
//yichuan.meituan.com,����
//yongjiaxian.meituan.com,������
//yanshi.meituan.com,��ʦ
//yangzhong.meituan.com,����
//yuxian.meituan.com,����
//yongji.meituan.com,����
//yucheng.meituan.com,���
//yimashi.meituan.com,������
//yangshuo.meituan.com,��˷
//yicheng.meituan.com,�˳�
//yp.meituan.com,ԭƽ
//yiliangxian.meituan.com,������
//yuanjiang.meituan.com,�佭
//yh.meituan.com,��
//yizhoushi.meituan.com,������
//ya.meituan.com,�Ű�
//yongnian.meituan.com,����
//yangcheng.meituan.com,����
//yunyang.meituan.com,����
//yexian.meituan.com,Ҷ��
//yixian.meituan.com,����
//yiyangyy.meituan.com,����
//yanliang.meituan.com,����
//yuanyang.meituan.com,ԭ��
//yuchengxian.meituan.com,�ݳ�
//yushan.meituan.com,��ɽ
//yanggu.meituan.com,����
//yunchengxian.meituan.com,۩��
//yjhlq.meituan.com,���������
//yangling.meituan.com,����
//yishui.meituan.com,��ˮ
//yinan.meituan.com,����
//yudu.meituan.com,�ڶ�
//yifeng.meituan.com,�˷�
//yingshanxian.meituan.com,Ӫɽ��
//yongan.meituan.com,����
//yanling.meituan.com,۳��
//yongfeng.meituan.com,����
//yongxin.meituan.com,����
//yongxingxian.meituan.com,������
//youxian.meituan.com,����
//yongshunxian.meituan.com,��˳��
//yuminxian.meituan.com,ԣ����
//youyangtujiazumi.meituan.com,��������������������
//yingxian.meituan.com,Ӧ��
//yangshanxian.meituan.com,��ɽ��
//yushushi.meituan.com,������
//yuanlingxian.meituan.com,������
//yongdengxian.meituan.com,������
//yutaixian.meituan.com,��̨��
//yidu.meituan.com,�˶�
//yilan.meituan.com,����
//yili.meituan.com,����
//ys.meituan.com,����
//yich.meituan.com,����
//zz.meituan.com,֣��
//zb.meituan.com,�Ͳ�
//zh.meituan.com,�麣
//zj.meituan.com,��
//zhanjiang.meituan.com,տ��
//zhuzhou.meituan.com,����
//zs.meituan.com,��ɽ
//zk.meituan.com,�ܿ�
//zaozhuang.meituan.com,��ׯ
//zhangzhou.meituan.com,����
//zhoushan.meituan.com,��ɽ
//zq.meituan.com,����
//zjk.meituan.com,�żҿ�
//zunyi.meituan.com,����
//zjg.meituan.com,�żҸ�
//zhuji.meituan.com,����
//zmd.meituan.com,פ���
//zt.meituan.com,��ͨ
//zhangye.meituan.com,��Ҵ
//zg.meituan.com,�Թ�
//zhuozhou.meituan.com,����
//zhangqiu.meituan.com,����
//zoucheng.meituan.com,�޳�
//zc.meituan.com,����
//zaoyang.meituan.com,����
//zjj.meituan.com,�żҽ�
//zhucheng.meituan.com,���
//zhuanghe.meituan.com,ׯ��
//zhaoyuan.meituan.com,��Զ
//zunhua.meituan.com,��
//zy.meituan.com,����
//zhenxiongxian.meituan.com,������
//zx.meituan.com,����
//zhongjiangxian.meituan.com,�н���
//zhijiang.meituan.com,֦��
//zhangpu.meituan.com,����
//zhangshu.meituan.com,����
//zherong.meituan.com,����
//zhengding.meituan.com,����
//zhongmou.meituan.com,��Ĳ
//zw.meituan.com,����
//zhaoxian.meituan.com,����
//zhecheng.meituan.com,�ϳ�
//zhungeerqi.meituan.com,׼�����
//zhouzhi.meituan.com,����
//zhijiangtongzu.meituan.com,�ƽ�
//zhijin.meituan.com,֯��
//zhangping.meituan.com,��ƽ
//zixingshi.meituan.com,������
//zhalantunshi.meituan.com,��������
//zhongxian.meituan.com,����
//zp.meituan.com,��ƽ
//zhanghua.meituan.com,�û�
//zhouzhuang.meituan.com,��ׯ
