,0
0,//as.meituan.com
1,//anqing.meituan.com
2,//ay.meituan.com
3,//aq.meituan.com
4,//anshun.meituan.com
5,//ankang.meituan.com
6,//anzhouqu.meituan.com
7,//arongqi.meituan.com
9,//atushishi.meituan.com
10,//aletaishi.meituan.com
11,//aj.meituan.com
12,//als.meituan.com
13,//anyue.meituan.com
14,//anping.meituan.com
15,//anxi.meituan.com
16,//anning.meituan.com
17,//anhua.meituan.com
18,//alaer.meituan.com
19,//anfu.meituan.com
20,//anlushi.meituan.com
21,//am.meituan.com
22,//alt.meituan.com
23,//al.meituan.com
24,//ab.meituan.com
25,//bj.meituan.com
26,//bt.meituan.com
27,//bd.meituan.com
28,//bozhou.meituan.com
29,//bz.meituan.com
30,//bengbu.meituan.com
31,//baoji.meituan.com
32,//hbbazhou.meituan.com
33,//byne.meituan.com
34,//benxi.meituan.com
35,//baise.meituan.com
36,//bazhong.meituan.com
37,//bijie.meituan.com
38,//bs.meituan.com
39,//baishan.meituan.com
40,//by.meituan.com
41,//bc.meituan.com
42,//bh.meituan.com
43,//beianshi.meituan.com
44,//bachuxian.meituan.com
45,//bayanxian.meituan.com
46,//baoying.meituan.com
47,//beiliu.meituan.com
48,//boai.meituan.com
49,//beizhenshi.meituan.com
50,//baofeng.meituan.com
51,//boxing.meituan.com
52,//biyang.meituan.com
53,//binxian.meituan.com
54,//bishan.meituan.com
55,//boshan.meituan.com
56,//binyang.meituan.com
57,//botou.meituan.com
58,//boluoxian.meituan.com
59,//bobaixian.meituan.com
60,//beipei.meituan.com
61,//baz.meituan.com
62,//betl.meituan.com
63,//binhai.meituan.com
64,//cq.meituan.com
65,//cd.meituan.com
66,//cz.meituan.com
67,//chs.meituan.com
68,//cc.meituan.com
69,//cangzhou.meituan.com
70,//changzhi.meituan.com
71,//chifeng.meituan.com
72,//cixi.meituan.com
73,//chuzhou.meituan.com
74,//changshu.meituan.com
75,//changde.meituan.com
76,//chengde.meituan.com
77,//chenzhou.meituan.com
78,//chaozhou.meituan.com
79,//conghua.meituan.com
80,//ch.meituan.com
81,//cy.meituan.com
82,//chx.meituan.com
83,//changyi.meituan.com
84,//cangnan.meituan.com
85,//cg.meituan.com
86,//chizhou.meituan.com
87,//chengwuxian.meituan.com
88,//changle.meituan.com
89,//changji.meituan.com
90,//chengjiangxian.meituan.com
91,//chongzuo.meituan.com
92,//cx.meituan.com
93,//cb.meituan.com
94,//ca.meituan.com
95,//chengdexian.meituan.com
96,//changlecl.meituan.com
97,//caofeidian.meituan.com
98,//cixian.meituan.com
99,//changyuan.meituan.com
100,//chengan.meituan.com
101,//changli.meituan.com
102,//cenxi.meituan.com
103,//chiping.meituan.com
104,//caoxian.meituan.com
105,//chenggu.meituan.com
106,//changting.meituan.com
107,//chaoan.meituan.com
108,//changshou.meituan.com
109,//changshan.meituan.com
110,//chishui.meituan.com
111,//cili.meituan.com
112,//changningshi.meituan.com
113,//chalingxian.meituan.com
114,//changfengxian.meituan.com
115,//cangxixian.meituan.com
116,//changqingqu.meituan.com
117,//chongmingqu.meituan.com
118,//chongzhou.meituan.com
119,//changdu.meituan.com
120,//dl.meituan.com
121,//dg.meituan.com
122,//dt.meituan.com
123,//dq.meituan.com
124,//dandong.meituan.com
125,//dy.meituan.com
126,//dz.meituan.com
127,//deyang.meituan.com
128,//dazhou.meituan.com
129,//dx.meituan.com
130,//dengzhou.meituan.com
131,//dongyang.meituan.com
132,//df.meituan.com
133,//dongtai.meituan.com
134,//dengfeng.meituan.com
135,//danzhou.meituan.com
136,//djy.meituan.com
137,//dsq.meituan.com
138,//dali.meituan.com
139,//danyang.meituan.com
140,//dangyang.meituan.com
141,//donggang.meituan.com
142,//dawuxia.meituan.com
143,//dingtaoqu.meituan.com
144,//dachangzizhixian.meituan.com
145,//deqing.meituan.com
146,//daye.meituan.com
147,//dongxing.meituan.com
148,//dingbianxian.meituan.com
149,//dengta.meituan.com
150,//dingyuanxian.meituan.com
151,//datongshi.meituan.com
152,//dongfang.meituan.com
153,//dongping.meituan.com
154,//dianbai.meituan.com
155,//donghai.meituan.com
156,//dingzhou.meituan.com
157,//dancheng.meituan.com
158,//dalixian.meituan.com
159,//dalateqi.meituan.com
160,//dazhu.meituan.com
161,//dawa.meituan.com
162,//dayi.meituan.com
163,//dangshan.meituan.com
164,//dunhua.meituan.com
165,//dongguang.meituan.com
166,//daoxian.meituan.com
167,//daanshi.meituan.com
168,//dinganxian.meituan.com
169,//dianjiang.meituan.com
170,//dongmingxian.meituan.com
171,//dbs.meituan.com
172,//dunhuang.meituan.com
173,//diqing.meituan.com
174,//dh.meituan.com
175,//dxal.meituan.com
176,//erds.meituan.com
177,//ez.meituan.com
178,//es.meituan.com
179,//enping.meituan.com
180,//ems.meituan.com
181,//eminxian.meituan.com
182,//eegn.meituan.com
183,//fz.meituan.com
184,//fs.meituan.com
185,//fy.meituan.com
186,//fuz.meituan.com
187,//fushun.meituan.com
188,//fx.meituan.com
189,//fl.meituan.com
190,//fuqing.meituan.com
191,//fenghua.meituan.com
192,//fc.meituan.com
193,//fuyangfy.meituan.com
194,//fn.meituan.com
195,//fcg.meituan.com
196,//feidongxian.meituan.com
197,//fengcheng.meituan.com
198,//fenyang.meituan.com
199,//fukang.meituan.com
200,//fch.meituan.com
201,//fanxian.meituan.com
202,//fanchang.meituan.com
203,//feixiang.meituan.com
204,//fengqiu.meituan.com
205,//fh.meituan.com
206,//fengxian.meituan.com
207,//fusong.meituan.com
208,//fushunxian.meituan.com
209,//feixian.meituan.com
210,//fogang.meituan.com
211,//fengning.meituan.com
212,//fugou.meituan.com
213,//fengtai.meituan.com
214,//fengxin.meituan.com
215,//fangcheng.meituan.com
216,//fuyuanxian.meituan.com
217,//fenyi.meituan.com
218,//fusuixian.meituan.com
219,//feixixian.meituan.com
220,//fanzhixian.meituan.com
221,//fengxiangxian.meituan.com
222,//fuan.meituan.com
223,//fudingshi.meituan.com
224,//fuguxian.meituan.com
225,//fengjie.meituan.com
226,//fengdu.meituan.com
227,//fufeng.meituan.com
228,//gz.meituan.com
229,//gy.meituan.com
230,//ganzhou.meituan.com
231,//gg.meituan.com
232,//gl.meituan.com
233,//guangyuan.meituan.com
234,//ga.meituan.com
235,//gaozhou.meituan.com
236,//gbd.meituan.com
237,//gm.meituan.com
238,//gongyi.meituan.com
239,//gaoyou.meituan.com
240,//gr.meituan.com
241,//guangshanxian.meituan.com
242,//gp.meituan.com
243,//gzl.meituan.com
244,//guangze.meituan.com
245,//gh.meituan.com
246,//gc.meituan.com
247,//gaoping.meituan.com
248,//gushixian.meituan.com
249,//gj.meituan.com
250,//gongan.meituan.com
251,//gaizhou.meituan.com
252,//gujiao.meituan.com
253,//geermu.meituan.com
254,//guyuan.meituan.com
255,//guanyun.meituan.com
256,//guannan.meituan.com
257,//ganyu.meituan.com
258,//gaoan.meituan.com
259,//guangde.meituan.com
260,//gongqingcheng.meituan.com
261,//gaoyang.meituan.com
262,//gaoling.meituan.com
263,//ganzi.meituan.com
264,//gulangyu.meituan.com
265,//gn.meituan.com
266,//guoluo.meituan.com
267,//gaoxiong.meituan.com
268,//hz.meituan.com
269,//hf.meituan.com
270,//hrb.meituan.com
271,//hy.meituan.com
272,//hd.meituan.com
273,//huizhou.meituan.com
274,//hu.meituan.com
275,//haikou.meituan.com
276,//huzhou.meituan.com
277,//ha.meituan.com
278,//hn.meituan.com
279,//heze.meituan.com
280,//hshi.meituan.com
281,//hg.meituan.com
282,//hh.meituan.com
283,//hs.meituan.com
284,//hld.meituan.com
285,//hc.meituan.com
286,//huangshan.meituan.com
287,//hlbe.meituan.com
288,//heihe.meituan.com
289,//hb.meituan.com
290,//heyuan.meituan.com
291,//hezhou.meituan.com
292,//hegang.meituan.com
293,//honghe.meituan.com
294,//hanzhong.meituan.com
295,//huadu.meituan.com
296,//haining.meituan.com
297,//huidong.meituan.com
298,//huiyang.meituan.com
299,//haicheng.meituan.com
300,//hm.meituan.com
301,//haiyang.meituan.com
302,//huaibei.meituan.com
303,//haian.meituan.com
304,//huazhou.meituan.com
305,//hechuan.meituan.com
306,//hengdian.meituan.com
307,//huachuanxian.meituan.com
308,//heshan.meituan.com
309,//huadian.meituan.com
310,//huanglingxian.meituan.com
311,//huanxian.meituan.com
312,//huayin.meituan.com
313,//hejiangxian.meituan.com
314,//houma.meituan.com
315,//hami.meituan.com
316,//hailunshi.meituan.com
317,//huozhou.meituan.com
318,//huanghua.meituan.com
319,//hengshanqu.meituan.com
320,//hl.meituan.com
321,//hannanqu.meituan.com
322,//haiyan.meituan.com
323,//huarong.meituan.com
324,//huaiyang.meituan.com
325,//hanyin.meituan.com
326,//hanshan.meituan.com
327,//hexian.meituan.com
328,//huxian.meituan.com
329,//huixian.meituan.com
330,//huairen.meituan.com
331,//huaxian.meituan.com
332,//huian.meituan.com
333,//hancheng.meituan.com
334,//haidong.meituan.com
335,//huating.meituan.com
336,//hongtong.meituan.com
337,//hekou.meituan.com
338,//huinan.meituan.com
339,//honghu.meituan.com
340,//haicang.meituan.com
341,//huoqiu.meituan.com
342,//hunchun.meituan.com
343,//huaining.meituan.com
344,//huaiyuanxian.meituan.com
345,//huizexian.meituan.com
346,//hejianshi.meituan.com
347,//hepuxian.meituan.com
348,//hengyangxian.meituan.com
349,//hengshanxian.meituan.com
350,//hengdongxian.meituan.com
351,//huangchuanxian.meituan.com
352,//helanxian.meituan.com
353,//hj.meituan.com
354,//hualian.meituan.com
355,//ht.meituan.com
356,//hx.meituan.com
357,//hnz.meituan.com
358,//huangnan.meituan.com
359,//haibei.meituan.com
360,//hk.meituan.com
361,//hengchun.meituan.com
362,//jn.meituan.com
363,//jl.meituan.com
364,//jiangyin.meituan.com
365,//jx.meituan.com
366,//jh.meituan.com
367,//jm.meituan.com
368,//jining.meituan.com
369,//jingzhou.meituan.com
370,//jiaozuo.meituan.com
371,//jinjiang.meituan.com
372,//jy.meituan.com
373,//jingmen.meituan.com
374,//jj.meituan.com
375,//jms.meituan.com
376,//jinzhou.meituan.com
377,//jintan.meituan.com
378,//jiyuan.meituan.com
379,//jdz.meituan.com
380,//jq.meituan.com
381,//jixi.meituan.com
382,//jz.meituan.com
383,//jingjiang.meituan.com
384,//ja.meituan.com
385,//js.meituan.com
386,//jr.meituan.com
387,//jiaozhou.meituan.com
388,//jincheng.meituan.com
389,//jimo.meituan.com
390,//jiangdu.meituan.com
391,//jiangshan.meituan.com
392,//jinchang.meituan.com
393,//jianhu.meituan.com
394,//jinzhoushi.meituan.com
395,//jyg.meituan.com
396,//jd.meituan.com
397,//jinghexian.meituan.com
398,//jiexiu.meituan.com
399,//jzqixian.meituan.com
400,//jianshi.meituan.com
401,//jiayuxian.meituan.com
402,//jingbian.meituan.com
403,//jiaohe.meituan.com
404,//jianyangjy.meituan.com
405,//jiaxian.meituan.com
406,//jianli.meituan.com
407,//jiangjin.meituan.com
408,//juye.meituan.com
409,//jiaxiang.meituan.com
410,//jinxiang.meituan.com
411,//jinyun.meituan.com
412,//jingshan.meituan.com
413,//jiangyou.meituan.com
414,//junan.meituan.com
415,//jingxixian.meituan.com
416,//jinhu.meituan.com
417,//jimei.meituan.com
418,//jinsha.meituan.com
419,//jingxian.meituan.com
420,//jianxian.meituan.com
421,//jishuixian.meituan.com
422,//jiangchuanxian.meituan.com
423,//jianghuayaozuziz.meituan.com
424,//jinningxian.meituan.com
425,//jiangyong.meituan.com
426,//jianshuixian.meituan.com
427,//juanchengxian.meituan.com
428,//jianyang.meituan.com
429,//jiayi.meituan.com
430,//jilong.meituan.com
431,//jgs.meituan.com
432,//jzg.meituan.com
433,//km.meituan.com
434,//kunshan.meituan.com
435,//kaifeng.meituan.com
436,//klmy.meituan.com
437,//kaihua.meituan.com
438,//kp.meituan.com
439,//krl.meituan.com
440,//kaiyang.meituan.com
441,//kangxian.meituan.com
442,//kaizhouqu.meituan.com
443,//kenli.meituan.com
444,//kuancheng.meituan.com
445,//kuche.meituan.com
446,//kt.meituan.com
447,//ks.meituan.com
448,//kz.meituan.com
449,//lyg.meituan.com
450,//linyi.meituan.com
451,//luoyang.meituan.com
452,//liuzhou.meituan.com
453,//lz.meituan.com
454,//lc.meituan.com
455,//lf.meituan.com
456,//liaoyang.meituan.com
457,//lishui.meituan.com
458,//la.meituan.com
459,//ls.meituan.com
460,//lasa.meituan.com
461,//ly.meituan.com
462,//linfen.meituan.com
463,//linzhou.meituan.com
464,//lb.meituan.com
465,//luzhou.meituan.com
466,//liaoyuan.meituan.com
467,//lvliang.meituan.com
468,//lps.meituan.com
469,//lj.meituan.com
470,//lw.meituan.com
471,//luohe.meituan.com
472,//liyang.meituan.com
473,//linhai.meituan.com
474,//lx.meituan.com
475,//lk.meituan.com
476,//leiyang.meituan.com
477,//laizhou.meituan.com
478,//linan.meituan.com
479,//laiyang.meituan.com
480,//lufeng.meituan.com
481,//liuyang.meituan.com
482,//lianjiang.meituan.com
483,//ld.meituan.com
484,//liangshan.meituan.com
485,//luchuanxian.meituan.com
486,//lincang.meituan.com
487,//luoyuanxian.meituan.com
488,//lingbao.meituan.com
489,//lsj.meituan.com
490,//ll.meituan.com
491,//linxia.meituan.com
492,//lh.meituan.com
493,//liling.meituan.com
494,//laixi.meituan.com
495,//lechang.meituan.com
496,//lp.meituan.com
497,//langzhong.meituan.com
498,//luquan.meituan.com
499,//lichuan.meituan.com
500,//lhk.meituan.com
501,//linghai.meituan.com
502,//luannan.meituan.com
503,//lingshan.meituan.com
504,//lianzhou.meituan.com
505,//linquanxian.meituan.com
506,//linjiang.meituan.com
507,//lianjiangxian.meituan.com
508,//linqu.meituan.com
509,//laoting.meituan.com
510,//luanxian.meituan.com
511,//luancheng.meituan.com
512,//lushanls.meituan.com
513,//lingshi.meituan.com
514,//linzhang.meituan.com
515,//lintong.meituan.com
516,//lantian.meituan.com
517,//lq.meituan.com
518,//longchang.meituan.com
519,//luyi.meituan.com
520,//liuhe.meituan.com
521,//linyixian.meituan.com
522,//liangshanxian.meituan.com
523,//lijin.meituan.com
524,//linyily.meituan.com
525,//longquan.meituan.com
526,//lingchuan.meituan.com
527,//longyao.meituan.com
528,//leizhou.meituan.com
529,//luanchuan.meituan.com
530,//longyou.meituan.com
531,//lanling.meituan.com
532,//linshu.meituan.com
533,//lianshui.meituan.com
534,//lixian.meituan.com
535,//liaozhong.meituan.com
536,//luopingxian.meituan.com
537,//lianyuanshi.meituan.com
538,//lujiangxian.meituan.com
539,//linying.meituan.com
540,//lanshan.meituan.com
541,//longhui.meituan.com
542,//luxi.meituan.com
543,//lushixian.meituan.com
544,//longhuaxian.meituan.com
545,//luoningxian.meituan.com
546,//lankaoxian.meituan.com
547,//linli.meituan.com
548,//lixin.meituan.com
549,//lingqiuxian.meituan.com
550,//lufengxian.meituan.com
551,//lishuiqu.meituan.com
552,//luxian.meituan.com
553,//luochuanxian.meituan.com
554,//luodingshi.meituan.com
555,//ledong.meituan.com
556,//liangping.meituan.com
557,//lingaoxian.meituan.com
558,//lingshui.meituan.com
559,//ln.meituan.com
560,//linzhi.meituan.com
561,//my.meituan.com
562,//mdj.meituan.com
563,//mas.meituan.com
564,//mm.meituan.com
565,//mz.meituan.com
566,//ms.meituan.com
567,//mzl.meituan.com
568,//mhk.meituan.com
569,//ml.meituan.com
570,//mg.meituan.com
571,//mc.meituan.com
572,//mengzhou.meituan.com
573,//mingshuixian.meituan.com
574,//mishan.meituan.com
575,//muping.meituan.com
576,//meixian.meituan.com
577,//minquan.meituan.com
578,//mianchi.meituan.com
579,//mianzhu.meituan.com
580,//mengyin.meituan.com
581,//mengzishi.meituan.com
582,//mengcheng.meituan.com
583,//menglaxian.meituan.com
584,//miyixian.meituan.com
585,//minhouxian.meituan.com
586,//mengjin.meituan.com
587,//mh.meituan.com
588,//mingwangxing.meituan.com
589,//miaoli.meituan.com
590,//nj.meituan.com
591,//nb.meituan.com
592,//nn.meituan.com
593,//nc.meituan.com
594,//nt.meituan.com
595,//ny.meituan.com
596,//nd.meituan.com
597,//nanchong.meituan.com
598,//np.meituan.com
599,//scnj.meituan.com
600,//nh.meituan.com
601,//na.meituan.com
602,//ningyuanxian.meituan.com
603,//nx.meituan.com
604,//ns.meituan.com
605,//nenjiangxian.meituan.com
606,//nehe.meituan.com
607,//nanxiong.meituan.com
608,//ninglangyizuzizh.meituan.com
609,//nanle.meituan.com
610,//nanling.meituan.com
611,//ningyang.meituan.com
612,//ningguo.meituan.com
613,//ningjin.meituan.com
614,//ningjinnj.meituan.com
615,//neiqiu.meituan.com
616,//nangong.meituan.com
617,//neihuang.meituan.com
618,//nanhe.meituan.com
619,//nanbuxian.meituan.com
620,//nanpixian.meituan.com
621,//ninglingxian.meituan.com
622,//nanzhengxian.meituan.com
623,//nq.meituan.com
624,//nujiang.meituan.com
625,//nantou.meituan.com
626,//pt.meituan.com
627,//pj.meituan.com
628,//pds.meituan.com
629,//puyang.meituan.com
630,//panzhihua.meituan.com
631,//pe.meituan.com
632,//pl.meituan.com
633,//pz.meituan.com
634,//px.meituan.com
635,//pn.meituan.com
636,//pd.meituan.com
637,//pengzhou.meituan.com
638,//penglai.meituan.com
639,//pingyang.meituan.com
640,//peixian.meituan.com
641,//ph.meituan.com
642,//pingchangxian.meituan.com
643,//pujiang.meituan.com
644,//panshi.meituan.com
645,//pengshuizizhixia.meituan.com
646,//pingtan.meituan.com
647,//poyang.meituan.com
648,//pucheng.meituan.com
649,//panxian.meituan.com
650,//pingjiang.meituan.com
651,//puyangxian.meituan.com
652,//pingshan.meituan.com
653,//pingquan.meituan.com
654,//pingyi.meituan.com
655,//pingyu.meituan.com
656,//pingnanxian.meituan.com
657,//pingyao.meituan.com
658,//pingguo.meituan.com
659,//pingluoxian.meituan.com
660,//pingyinxian.meituan.com
661,//pingluxian.meituan.com
662,//pingyuan.meituan.com
663,//penghu.meituan.com
664,//pingdong.meituan.com
665,//qd.meituan.com
666,//qhd.meituan.com
667,//qz.meituan.com
668,//qj.meituan.com
669,//quzhou.meituan.com
670,//qingyuan.meituan.com
671,//qqhr.meituan.com
672,//qinzhou.meituan.com
673,//qth.meituan.com
674,//qingyang.meituan.com
675,//qa.meituan.com
676,//qingzhou.meituan.com
677,//qidong.meituan.com
678,//qianjiang.meituan.com
679,//qdn.meituan.com
680,//qxn.meituan.com
681,//qingyangxian.meituan.com
682,//qh.meituan.com
683,//qn.meituan.com
684,//ql.meituan.com
685,//qihe.meituan.com
686,//qingfeng.meituan.com
687,//qixian.meituan.com
688,//quanjiao.meituan.com
689,//qixia.meituan.com
690,//qingtian.meituan.com
691,//qinghe.meituan.com
692,//qingyun.meituan.com
693,//qianshan.meituan.com
694,//qingxian.meituan.com
695,//qidongxian.meituan.com
696,//qinganxian.meituan.com
697,//qixiankaifeng.meituan.com
698,//qinggangxian.meituan.com
699,//qishanxian.meituan.com
700,//qiongzhong.meituan.com
701,//qy.meituan.com
702,//rizhao.meituan.com
703,//ruian.meituan.com
704,//rc.meituan.com
705,//rs.meituan.com
706,//rg.meituan.com
707,//rz.meituan.com
708,//rudong.meituan.com
709,//rh.meituan.com
710,//rj.meituan.com
711,//rongxian.meituan.com
712,//renshou.meituan.com
713,//renqiu.meituan.com
714,//ruyang.meituan.com
715,//rongchangqu.meituan.com
716,//renxian.meituan.com
717,//ruchengxian.meituan.com
718,//ruichang.meituan.com
719,//rkz.meituan.com
720,//sh.meituan.com
721,//sz.meituan.com
722,//sjz.meituan.com
723,//su.meituan.com
724,//sy.meituan.com
725,//sanya.meituan.com
726,//st.meituan.com
727,//sx.meituan.com
728,//songyuan.meituan.com
729,//sg.meituan.com
730,//shaoyang.meituan.com
731,//suqian.meituan.com
732,//shiyan.meituan.com
733,//suzhousz.meituan.com
734,//sd.meituan.com
735,//sr.meituan.com
736,//sq.meituan.com
737,//shz.meituan.com
738,//smx.meituan.com
739,//suizhou.meituan.com
740,//suihua.meituan.com
741,//sys.meituan.com
742,//sw.meituan.com
743,//suining.meituan.com
744,//sl.meituan.com
745,//szs.meituan.com
746,//sp.meituan.com
747,//sm.meituan.com
748,//ss.meituan.com
749,//shangyu.meituan.com
750,//shouguang.meituan.com
751,//shengzhou.meituan.com
752,//shuyang.meituan.com
753,//sheyang.meituan.com
754,//sanhe.meituan.com
755,//shuozhou.meituan.com
756,//shucheng.meituan.com
757,//shandanxian.meituan.com
758,//santaixian.meituan.com
759,//shouxian.meituan.com
760,//shaoshan.meituan.com
761,//shahe.meituan.com
762,//sihui.meituan.com
763,//songzi.meituan.com
764,//shulan.meituan.com
765,//shaodong.meituan.com
766,//suiningxiansnx.meituan.com
767,//siyang.meituan.com
768,//shawan.meituan.com
769,//shexian.meituan.com
770,//shenmu.meituan.com
771,//suizhong.meituan.com
772,//shanggao.meituan.com
773,//shiquan.meituan.com
774,//sihong.meituan.com
775,//shanxian.meituan.com
776,//shenqiu.meituan.com
777,//sanmen.meituan.com
778,//suiningxian.meituan.com
779,//shangcai.meituan.com
780,//suichang.meituan.com
781,//shidao.meituan.com
782,//shifang.meituan.com
783,//shanghang.meituan.com
784,//songxian.meituan.com
785,//shanzhouqu.meituan.com
786,//shehong.meituan.com
787,//shanghe.meituan.com
788,//sishui.meituan.com
789,//sheqi.meituan.com
790,//sixian.meituan.com
791,//shenzhoushi.meituan.com
792,//shanglinxian.meituan.com
793,//shangshuixian.meituan.com
794,//shuangfeng.meituan.com
795,//suichuan.meituan.com
796,//shangli.meituan.com
797,//shachexian.meituan.com
798,//suningxian.meituan.com
799,//shangchengxian.meituan.com
800,//sangzhi.meituan.com
801,//shimen.meituan.com
802,//shanshanxian.meituan.com
803,//suidexian.meituan.com
804,//shaxian.meituan.com
805,//shenzexian.meituan.com
806,//shizhu.meituan.com
807,//shaowu.meituan.com
808,//suixian.meituan.com
809,//sqs.meituan.com
810,//snj.meituan.com
811,//sn.meituan.com
812,//sanx.meituan.com
813,//tj.meituan.com
814,//ty.meituan.com
815,//taizhou.meituan.com
816,//tz.meituan.com
817,//ts.meituan.com
818,//ta.meituan.com
819,//tx.meituan.com
820,//taicang.meituan.com
821,//tianshui.meituan.com
822,//tr.meituan.com
823,//th.meituan.com
824,//tl.meituan.com
825,//tongling.meituan.com
826,//tongliao.meituan.com
827,//taishan.meituan.com
828,//taixing.meituan.com
829,//tengzhou.meituan.com
830,//tm.meituan.com
831,//tianchang.meituan.com
832,//tc.meituan.com
833,//tachengshi.meituan.com
834,//tonghexian.meituan.com
835,//tonglu.meituan.com
836,//tongjiangxian.meituan.com
837,//tongxinxian.meituan.com
838,//tn.meituan.com
839,//tongcheng.meituan.com
840,//taiwan.meituan.com
841,//tanghe.meituan.com
842,//tongyuxian.meituan.com
843,//tonghaixian.meituan.com
844,//taiqian.meituan.com
845,//taihe.meituan.com
846,//tiantai.meituan.com
847,//taigu.meituan.com
848,//tengxian.meituan.com
849,//tangyin.meituan.com
850,//tmtyq.meituan.com
851,//tancheng.meituan.com
852,//tongliang.meituan.com
853,//tongan.meituan.com
854,//taoyuanxian.meituan.com
855,//taihexian.meituan.com
856,//tonggu.meituan.com
857,//tiandongxian.meituan.com
858,//taikangxian.meituan.com
859,//tongxuxian.meituan.com
860,//taoyuan.meituan.com
861,//taidong.meituan.com
862,//tainan.meituan.com
863,//tengchong.meituan.com
864,//tb.meituan.com
865,//tac.meituan.com
866,//tlf.meituan.com
867,//taizhong.meituan.com
868,//wh.meituan.com
869,//wx.meituan.com
870,//wz.meituan.com
871,//wf.meituan.com
872,//weihai.meituan.com
873,//wuhu.meituan.com
874,//xj.meituan.com
875,//wn.meituan.com
876,//wj.meituan.com
877,//wenling.meituan.com
878,//wuhai.meituan.com
879,//wanzhou.meituan.com
880,//wuzhou.meituan.com
881,//wuan.meituan.com
882,//wlcb.meituan.com
883,//wd.meituan.com
884,//wc.meituan.com
885,//wafangdian.meituan.com
886,//wuwei.meituan.com
887,//wy.meituan.com
888,//wangkuixian.meituan.com
889,//wuzhong.meituan.com
890,//wangcangxian.meituan.com
891,//wys.meituan.com
892,//wenchang.meituan.com
893,//wuxue.meituan.com
894,//wanning.meituan.com
895,//wugangshi.meituan.com
896,//wenxian.meituan.com
897,//wuzhi.meituan.com
898,//wusu.meituan.com
899,//wuweiww.meituan.com
900,//wuhuxian.meituan.com
901,//weihui.meituan.com
902,//wltqq.meituan.com
903,//weishan.meituan.com
904,//wenshang.meituan.com
905,//wucheng.meituan.com
906,//weichang.meituan.com
907,//ws.meituan.com
908,//wuyi.meituan.com
909,//wuming.meituan.com
910,//weining.meituan.com
911,//wuyang.meituan.com
912,//wuji.meituan.com
913,//wanrong.meituan.com
914,//wanzai.meituan.com
915,//weixian.meituan.com
916,//wupingxian.meituan.com
917,//weishixian.meituan.com
918,//wulongxian.meituan.com
919,//wuchangshi.meituan.com
920,//wg.meituan.com
921,//wuzhen.meituan.com
922,//wds.meituan.com
923,//xa.meituan.com
924,//xm.meituan.com
925,//xz.meituan.com
926,//xf.meituan.com
927,//xiangtan.meituan.com
928,//xn.meituan.com
929,//xuancheng.meituan.com
930,//xianyang.meituan.com
931,//xc.meituan.com
932,//xy.meituan.com
933,//xt.meituan.com
934,//xiaogan.meituan.com
935,//xx.meituan.com
936,//xintai.meituan.com
937,//xianning.meituan.com
938,//xinyu.meituan.com
939,//xan.meituan.com
940,//xiantao.meituan.com
941,//xh.meituan.com
942,//bn.meituan.com
943,//xinji.meituan.com
944,//xinyi.meituan.com
945,//xinzheng.meituan.com
946,//xinmi.meituan.com
947,//xinzhou.meituan.com
948,//xinyixy.meituan.com
949,//xixian.meituan.com
950,//xiaochangxian.meituan.com
951,//xlgl.meituan.com
952,//xiangxi.meituan.com
953,//xingyang.meituan.com
954,//xunyangxian.meituan.com
955,//xingning.meituan.com
956,//xinmin.meituan.com
957,//xiangcheng.meituan.com
958,//xiaoyi.meituan.com
959,//xiangxiang.meituan.com
960,//xingcheng.meituan.com
961,//xp.meituan.com
962,//xiangshan.meituan.com
963,//xw.meituan.com
964,//xinjinxian.meituan.com
965,//xiangyin.meituan.com
966,//xiajin.meituan.com
967,//xiangshui.meituan.com
968,//xinhua.meituan.com
969,//xianju.meituan.com
970,//xiangyuan.meituan.com
971,//xuanwei.meituan.com
972,//xiapu.meituan.com
973,//xinan.meituan.com
974,//xinxiangxian.meituan.com
975,//xuyi.meituan.com
976,//xuwen.meituan.com
977,//xiayi.meituan.com
978,//xunxian.meituan.com
979,//xixiang.meituan.com
980,//xiping.meituan.com
981,//xinle.meituan.com
982,//xinchang.meituan.com
983,//xuecheng.meituan.com
984,//xihua.meituan.com
985,//xishui.meituan.com
986,//xianghe.meituan.com
987,//xinfeng.meituan.com
988,//xincai.meituan.com
989,//xupu.meituan.com
990,//xichuan.meituan.com
991,//xingan.meituan.com
992,//xingguoxian.meituan.com
993,//xintian.meituan.com
994,//xunwuxian.meituan.com
995,//xiangyunxian.meituan.com
996,//xiangchengxian.meituan.com
997,//xinning.meituan.com
998,//xianxian.meituan.com
999,//xinzhouqu.meituan.com
1000,//xiushantujiazumi.meituan.com
1001,//xinye.meituan.com
1002,//xianyouxian.meituan.com
1003,//xinbei.meituan.com
1004,//xitang.meituan.com
1005,//xgll.meituan.com
1006,//xinzhushi.meituan.com
1007,//yt.meituan.com
1008,//yz.meituan.com
1009,//yinchuan.meituan.com
1010,//yancheng.meituan.com
1011,//yy.meituan.com
1012,//yc.meituan.com
1013,//yk.meituan.com
1014,//yichun.meituan.com
1015,//yj.meituan.com
1016,//yuncheng.meituan.com
1017,//yb.meituan.com
1018,//yl.meituan.com
1019,//yiyang.meituan.com
1020,//yiwu.meituan.com
1021,//yixing.meituan.com
1022,//yuyao.meituan.com
1023,//yueqing.meituan.com
1024,//yulin.meituan.com
1025,//yongzhou.meituan.com
1026,//yongchuan.meituan.com
1027,//yf.meituan.com
1028,//yanzhou.meituan.com
1029,//yingtan.meituan.com
1030,//yongkang.meituan.com
1031,//yanbian.meituan.com
1032,//yq.meituan.com
1033,//yd.meituan.com
1034,//yizheng.meituan.com
1035,//yongcheng.meituan.com
1036,//yuzhou.meituan.com
1037,//yn.meituan.com
1038,//yanan.meituan.com
1039,//yx.meituan.com
1040,//yichuan.meituan.com
1041,//yongjiaxian.meituan.com
1042,//yanshi.meituan.com
1043,//yangzhong.meituan.com
1044,//yuxian.meituan.com
1045,//yongji.meituan.com
1046,//yucheng.meituan.com
1047,//yimashi.meituan.com
1048,//yangshuo.meituan.com
1049,//yicheng.meituan.com
1050,//yp.meituan.com
1051,//yiliangxian.meituan.com
1052,//yuanjiang.meituan.com
1053,//yh.meituan.com
1054,//yizhoushi.meituan.com
1055,//ya.meituan.com
1056,//yongnian.meituan.com
1057,//yangcheng.meituan.com
1058,//yunyang.meituan.com
1059,//yexian.meituan.com
1060,//yixian.meituan.com
1061,//yiyangyy.meituan.com
1062,//yanliang.meituan.com
1063,//yuanyang.meituan.com
1064,//yuchengxian.meituan.com
1065,//yushan.meituan.com
1066,//yanggu.meituan.com
1067,//yunchengxian.meituan.com
1068,//yjhlq.meituan.com
1069,//yangling.meituan.com
1070,//yishui.meituan.com
1071,//yinan.meituan.com
1072,//yudu.meituan.com
1073,//yifeng.meituan.com
1074,//yingshanxian.meituan.com
1075,//yongan.meituan.com
1076,//yanling.meituan.com
1077,//yongfeng.meituan.com
1078,//yongxin.meituan.com
1079,//yongxingxian.meituan.com
1080,//youxian.meituan.com
1081,//yongshunxian.meituan.com
1082,//yuminxian.meituan.com
1083,//youyangtujiazumi.meituan.com
1084,//yingxian.meituan.com
1085,//yangshanxian.meituan.com
1086,//yushushi.meituan.com
1087,//yuanlingxian.meituan.com
1088,//yongdengxian.meituan.com
1089,//yutaixian.meituan.com
1090,//yidu.meituan.com
1091,//yilan.meituan.com
1092,//yili.meituan.com
1093,//ys.meituan.com
1094,//yich.meituan.com
1095,//zz.meituan.com
1096,//zb.meituan.com
1097,//zh.meituan.com
1098,//zj.meituan.com
1099,//zhanjiang.meituan.com
1100,//zhuzhou.meituan.com
1101,//zs.meituan.com
1102,//zk.meituan.com
1103,//zaozhuang.meituan.com
1104,//zhangzhou.meituan.com
1105,//zhoushan.meituan.com
1106,//zq.meituan.com
1107,//zjk.meituan.com
1108,//zunyi.meituan.com
1109,//zjg.meituan.com
1110,//zhuji.meituan.com
1111,//zmd.meituan.com
1112,//zt.meituan.com
1113,//zhangye.meituan.com
1114,//zg.meituan.com
1115,//zhuozhou.meituan.com
1116,//zhangqiu.meituan.com
1117,//zoucheng.meituan.com
1118,//zc.meituan.com
1119,//zaoyang.meituan.com
1120,//zjj.meituan.com
1121,//zhucheng.meituan.com
1122,//zhuanghe.meituan.com
1123,//zhaoyuan.meituan.com
1124,//zunhua.meituan.com
1125,//zy.meituan.com
1126,//zhenxiongxian.meituan.com
1127,//zx.meituan.com
1128,//zhongjiangxian.meituan.com
1129,//zhijiang.meituan.com
1130,//zhangpu.meituan.com
1131,//zhangshu.meituan.com
1132,//zherong.meituan.com
1133,//zhengding.meituan.com
1134,//zhongmou.meituan.com
1135,//zw.meituan.com
1136,//zhaoxian.meituan.com
1137,//zhecheng.meituan.com
1138,//zhungeerqi.meituan.com
1139,//zhouzhi.meituan.com
1140,//zhijiangtongzu.meituan.com
1141,//zhijin.meituan.com
1142,//zhangping.meituan.com
1143,//zixingshi.meituan.com
1144,//zhalantunshi.meituan.com
1145,//zhongxian.meituan.com
1146,//zp.meituan.com
1147,//zhanghua.meituan.com
1148,//zhouzhuang.meituan.com
